{
  "ssim": 0.35421803431203425,
  "histogram": 0.04087162742933333,
  "delta_e": 29.159836611977905,
  "overall": 0.6739160135876406,
  "ui_saturation": null
}