{
  "ssim": 0.003893677323952422,
  "histogram": 0.12836096224211396,
  "delta_e": 38.84684453132293,
  "overall": 0.4956880899228697,
  "ui_saturation": null
}