{
  "ssim": 0.3795708752019092,
  "histogram": 0.05403302727084883,
  "delta_e": 27.00859953399049,
  "overall": 0.6851506175303852,
  "ui_saturation": null
}