{
  "ssim": 0.29821255815731895,
  "histogram": 0.0441310169565583,
  "delta_e": 38.063740515043335,
  "overall": 0.6244813786834424,
  "ui_saturation": null
}