{
  "ssim": 0.3772546871349655,
  "histogram": 0.054416725210035904,
  "delta_e": 27.361973408703154,
  "overall": 0.6830727426126327,
  "ui_saturation": null
}