{
  "ssim": 0.20691552563045765,
  "histogram": 0.06909570052280029,
  "delta_e": 57.032697326245895,
  "overall": 0.5224976172817327,
  "ui_saturation": null
}