{
  "ssim": 0.3795689369871611,
  "histogram": 0.05415967603614749,
  "delta_e": 27.00752916957949,
  "overall": 0.6851113230850729,
  "ui_saturation": null
}