{
  "ssim": 0.2227737497219663,
  "histogram": 0.06342577877979953,
  "delta_e": 60.73854075911241,
  "overall": 0.5173208544503476,
  "ui_saturation": null
}