{
  "ssim": 0.37699051687638024,
  "histogram": 0.054353157624990274,
  "delta_e": 27.42656495192256,
  "overall": 0.6827905699107215,
  "ui_saturation": null
}