{
  "ssim": 0.3779983851322439,
  "histogram": 0.05379293865980524,
  "delta_e": 26.68485725906234,
  "overall": 0.6857856246272718,
  "ui_saturation": null
}