{
  "ssim": 0.3562707829444282,
  "histogram": 0.04049780178576119,
  "delta_e": 29.161556246504883,
  "overall": 0.6747191395645394,
  "ui_saturation": null
}