{
  "ssim": 0.3773683699236736,
  "histogram": 0.053692325491654966,
  "delta_e": 27.31453658604679,
  "overall": 0.683510226190517,
  "ui_saturation": null
}